outlet,text,author,user_location,published_at,likes,reply_count,source
BBC,"The shameful behavior of @NGRSenate and its President @Senator_Akpabio over the unlawful suspension of Senator Natasha Akpoti-Uduaghan is global! BBC, DW (Germany), AP, CBS News, ABC News, Aljazeera and many more! Keep tagging the global media houses https://t.co/u9KMVFwKJq",Omawumi O,Heaven on Earth,Fri Mar 07 23:26:34 +0000 2025,1,0,X_Apify
X_General,"senator representing Kogi Central Senatorial District, Natasha Akpoti-Uduaghan, on Monday officially submitted her Peoples Democratic Party senatorial nomination forms in Abuja, formally signalling her readiness to seek re-election in 2027. https://t.co/vVU6duGzyV",Voice of the people Reporter's,"Abuja, Nigeria",Mon May 11 22:24:32 +0000 2026,0,0,X_Apify
X_General,"Kogi Central Watches as Natasha Makes Her Opening Move for Another Term in Nigeria 

In today’s Nigerian politics where paperwork is treated like a declaration of destiny, Natasha Akpoti-Uduaghan arrived at the national secretariat of the Peoples Democratic Party in Abuja with supporters, confidence, and the kind of outfit that silently says this is not just form submission but a soft launch for 2027, because in Nigeria even walking into a building can double as a campaign rally when the cameras are present and the energy is correct.

By submitting her senatorial nomination forms, she did not merely signal interest in re-election for Kogi Central, she activated the long familiar ritual where Nigerian politicians announce the future years before the future arrives, while voters are still trying to survive the present, and yet everyone understands that this is how the dance begins long before the music starts playing.

She thanked her people, praised democratic values, and spoke about service, inclusion, youth empowerment, women empowerment, infrastructure, healthcare, education, and economic opportunities in one smooth political sentence that managed to cover every manifesto keyword without pausing for breath, which is impressive because Nigerian political vocabulary has now become a genre of literature on its own.",Exola Blog,"Austin, TX 78731",Mon May 11 21:33:22 +0000 2026,1,0,X_Apify
X_General,"@NigeriaStories Only person in PDP wey suppose run na Senator Natasha Akpoti.

However, if Seyi go run, as long as he ready to play the role of NPN toUPN in 1983 and set the West on Fire, I dey here for am.

https://t.co/FIBLrMpuhD",iOccupyNigeria,"Abuja, Nigeria",Tue May 12 22:06:51 +0000 2026,3,0,X_Apify
X_General,"-What is the political fate of Senator Akpoti Natasha?

- She bought Senate nomination form through the Wike faction of the PDP while calling Wike the National Leader at their convention.

- Meanwhile Wike was busy buying forms for his loyalists in APC🤣🤣

-Going by the Supreme CTC,  the  tide is against Wike and his group, does it mean she has ignorantly handed over the seat to Yahaya Bello?

Nawa ooo",Princewill,Nigeria,Sat May 09 19:22:02 +0000 2026,279,0,X_Apify
BBC,@liveBiggnipples @pronhub_0 More Natasha please she likes the BBC in her ass....love you baby,Jeff Frankenfield,,Sat May 09 02:04:04 +0000 2026,0,0,X_Apify
BBC,@Dody_Porn @SpeedyDK77 Natasha does like her BBC for sure... so sexy and beautiful my love 💓,Jeff Frankenfield,,Wed May 06 09:59:31 +0000 2026,1,0,X_Apify
X_General,"Breaking News: Senator Bukola Saraki dumps Wike, set to join Accord Party while Samuel Anyanwu still selling fake forms at the Wadata Plaza. 

Sister Natasha Akpoti have also offered Yahaya Bello the senatorial seat on a Plata of Gold. 

2027 is getting more interesting 🤣🤣🤣. https://t.co/qaD6a22WW8",Mayor Of Calabar,,Mon May 11 18:23:40 +0000 2026,10,0,X_Apify
X_General,What did they do to Natasha Akpoti!,Turaki of Ilorin, Spiritual Realm,Thu May 07 08:32:27 +0000 2026,0,0,X_Apify
X_General,"Natasha Akpoti who bought Wike from lost the election even without casting vote

Yahaya Bello just got it easily courtesy of Wike madness.",Hamma,Nigeria,Fri May 08 14:34:07 +0000 2026,28,0,X_Apify
X_General,"“Kogi Central Open Space Internet Project Update 🚀

In keeping with our promise, the Natasha Akpoti Uduaghan Foundation will commence the installation of digital infrastructure in 3 Local Government Areas next week: Ajaokuta, Okene and Okehi (first phase). 

These projects will provide:

• Outdoor Omnidirectional Access Points
• 500 Metre Radius Coverage (1km Diameter)
• 512 Concurrent Device Connections
• Up to 5.95 Gbps Throughput
• FREE Internet Access — 24 Hours, 7 Days a Week (Yearly subscription). 

Across Europe, the Middle East, the Americas and other regions of the world, free public WiFi access has become an essential tool for learning, business, communication and innovation.

We are humbled to drive this forward-thinking technology initiative in Nigeria thereby opening digital opportunities for our people and bridging connectivity gaps across Kogi Central.

The future is digital… and Kogi Central must not be left behind. 🖥️ 

Protect the equipments as they’ll serve everyone”

Senator @NatashaAkpoti 
Uduaghan 
Digitally Kogi Central 🇳🇬

👏🏿👏🏿",Aikon,Nigeria,Fri May 08 18:54:47 +0000 2026,1,0,X_Apify
X_General,"Congratulations, Okene!

Your FREE 24/7 Public Internet Hub is now live at Okene Club, delivering high-speed internet access to everyone within a 1-kilometre radius.
Sen. Natasha Akpoti Uduaghan",Nigeria Democratic Congress,Nigeria ,Tue May 12 18:27:28 +0000 2026,0,0,X_Apify
X_General,"@Kyoung__kyb @instablog9ja Baba these women in question had backings, mad one. Such backings are not easily seen in today’s women compared to their. Take the Senator Natasha Akpoti-Uduaghan vs Akpabio drama 😂",Cross Riverian 🧢,"Lagos, Nigeria",Wed May 13 16:03:08 +0000 2026,0,0,X_Apify
X_General,"@AIT_Online Hmm. Supposing it is senator Natasha Akpoti, by now they would have all gather to crucify her. Now that is Adams Oshomole who thinks as if the world revolve around him. The almighty Akpabio exercised no power.",Victor Terhemba,,Wed May 06 15:50:29 +0000 2026,0,0,X_Apify
X_General,"SEN. NATASHA SUBMITS NOMINATION FORM AT WADATA PLAZA

Sen. Natasha Akpoti Uduaghan , Senator Representing Kogi central in the Senate has submitted her nomination form at the National secretariat of the PDP ahead of screening. https://t.co/l41Whe9D1d",Iwhuruohna Project tv,,Tue May 12 05:33:32 +0000 2026,0,0,X_Apify
X_General,"Natasha Akpoti Udeaghan ran to Mrs Oluremi Tinubu when she heard of the calamity from the supreme court concerning Nyesom Wike faction. Many politicians will go into oblivion soonest, force retirement.We helped Natasha when Godswill Akpabio was after her, later she preferred Wike",Nnaemeka Edeh,,Fri May 08 19:51:36 +0000 2026,773,0,X_Apify
X_General,This when you have forward thinking people in the right places....Hon Natasha H. akpoti uduaghan..kudos to you and your team,CONCERNS CITIZENS🇳🇬🇳🇬🇱🇷🇬🇧🇨🇦🇨🇦🇳🇴,Earth,Fri May 08 20:37:45 +0000 2026,0,0,X_Apify
X_General,"@pdpnof @NatashaAkpoti No be lie, no be chor chor chor,  Distinguished Senator Natasha Akpoti, the PDP Queen has demonstrated capacity in leadership by showing workings. Her track record of doings will speak more during the 2027 general election.",Bassey Peter,,Mon May 11 19:28:38 +0000 2026,0,0,X_Apify
X_General,"ARE THERE NOT TOO MANY SENATORS IN THE 10TH NATIONAL ASSEMBLY. CAN WE REDUCE THE NUMBER TO?? :🇳🇬

HE:
. Mohammed Ali Ndume
. Henry Seriake Dickson
. Enyinnaya Abaribe
. Abdul Ahmed Ningi
. Natasha Akpoti Oduaghan
. Adams Oshiomole (recent) https://t.co/lsMqw2Iwl4",STreeT_Activist🇳🇬,,Fri May 08 10:58:12 +0000 2026,1,0,X_Apify
X_General,"‘We’ve started a movement of hope’ — Natasha Akpoti submits PDP nomination forms for Kogi senate race

Natasha Akpoti-Uduaghan, senator representing Kogi central, has submitted her Peoples Democratic Party (PDP) nomination forms ahead of the 2027 elections.

The lawmaker, accompanied by supporters and political associates, submitted her forms at the national secretariat of the PDP in Abuja on Monday.

Addressing her supporters after submitting the forms, Akpoti-Uduaghan thanked residents of Kogi central and PDP members for their continued support.

https://t.co/wGkCunqBqz",TheCable,Nigeria,Mon May 11 21:27:48 +0000 2026,15,0,X_Apify
X_General,"Natasha H Akpoti asked this about the  Yaya bello case on EFCC that;

If Economic and Financial Crimes Commission’s ₦33billion customer gets 75years imprisonment,... what will (Yaya bello) Kogi’s ₦200b customer get???Answer:
Let’s first find the value of ₦1 billion:
75 years ÷ ₦33 billion = 2.27 yrs per billion  Now multiply by ₦200 billion:
2.27 years × ₦200 billion = 454 years  I scored A3 in my WAEC’s Maths by the way.",YEMI ASHIMOLOWO,"New York, USA",Wed May 13 14:28:24 +0000 2026,0,0,X_Apify
X_General,"Kogi Central Open Space Internet Project Update 🚀

The Natasha Akpoti Uduaghan Foundation will commence the installation of digital infrastructure in 3 Local Government Areas next week: Ajaokuta, Okene and Okehi (first phase). 

These projects will provide:

• Outdoor Omnidirectional Access Points
• 500 Metre Radius Coverage (1km Diameter)
• 512 Concurrent Device Connections
• Up to 5.95 Gbps Throughput
• FREE Internet Access — 24 Hours, 7 Days a Week (Yearly subscription). 

Across Europe, the Middle East, the Americas and other regions of the world, free public WiFi access has become an essential tool for learning, business, communication and innovation.

We are humbled to drive this forward-thinking technology initiative in Nigeria thereby opening digital opportunities for our people and bridging connectivity gaps across Kogi Central.

The future is digital… and Kogi Central must not be left behind. 

Protect the equipments as they’ll serve everyone 

Senator Natasha H Akpoti Uduaghan 
Digitally Kogi Central 🇳🇬",𝐊𝐨𝐠𝐢𝐗𝐜𝐨𝐦𝐦𝐮𝐧𝐢𝐭𝐲,"Kogi, Nigeria",Fri May 08 20:01:39 +0000 2026,20,0,X_Apify
X_General,"Breaking News:

Senator Bukola Saraki dumps Wike set to join Accord Party while Samuel Anyanwu still selling fake forms at the Wadata Plaza. 

Sister Natasha Akpoti have also offered Yahaya Bello the senatorial seat on a Plata of Gold. 

2027 is getting more interesting 🤣🤣🤣. https://t.co/5tZvWpSKSR",𝕋𝕖𝕤𝕝𝕖𝕖𝕞🇳🇬🇺🇲,,Tue May 12 13:39:30 +0000 2026,1,0,X_Apify
X_General,"Yahaya Bello, Natasha Akpoti-Uduaghan, and the APC Senate race in Kogi Central are already stirring debate ahead of 2027 as Nigerians question whether ongoing EFCC corruption charges should affect Bello’s political ambition. https://t.co/s7rZ1HfE97",#AjibareTalks,"Lagos, Nigeria",Mon May 11 18:13:01 +0000 2026,0,0,X_Apify
X_General,"Senate are not yet done dealing with the presence of Natasha Akpoti, Aisha Yesufu wants to join.

They will do everything to make sure she doesn't come near the Senate, if not na fight everyday. https://t.co/XzVGneIHxF",The Happy Man,Nigeria,Fri May 08 12:35:09 +0000 2026,0,0,X_Apify
X_General,"The senator representing Kogi Central Senatorial District, Natasha Akpoti-Uduaghan, has officially submitted her Peoples Democratic Party senatorial nomination forms in Abuja, formally confirming her intention to seek re-election... https://t.co/pRp8Su26KD https://t.co/MHfeTCWYpJ",InMail News,,Tue May 12 03:47:38 +0000 2026,0,0,X_Apify
X_General,"Kwankwaso Says Northern Leaders Chose Obi As Most Capable Partner For 2027
https://t.co/GSUqPJCpuC

Natasha Akpoti-Uduaghan Submits PDP Forms, Seeks Re-Election To Kogi Senate Seat
https://t.co/uTl0Cn7ikx

Eight Aspirants Battle For ADC Governorship Ticket In Rivers State
https://t.co/6QtcM3atQj

Pakistan Let Iranian Warplanes Park On Its Airfields, US Officials Allege
https://t.co/tZ78j4w2se

Kwankwaso Reveals Daughter Lobbied Him To Work With Obi As Far Back As 2023
https://t.co/pFAkuOTTrV

US Accuses Pakistan Of Painting ‘Too Rosy’ A Picture Of Iran As Ceasefire Put On ‘Massive Life Support’
https://t.co/IGWk8anXNM

Osun Governor Deposes Apetumodu Monarch After US Tax Fraud And Money Laundering Conviction
https://t.co/LLg5DnsdU9

Trump And Xi To Meet Thursday In Beijing As Iran, Trade, Taiwan And Rare Earths Fill The Agenda
https://t.co/1NvTwmwoTe

Republican States Rush To Redraw Congressional Maps After Supreme Court Ruling In Race To Save House Majority
https://t.co/wT3d3sWxkZ

Tinubu Appoints Retired Major-General Fadewa As Special Adviser On Homeland Security
https://t.co/IjAqdorLym

Aspirants Face Exclusion As INEC Deadline For Party Registers Expires Today
https://t.co/2ceClRrvOj

APC Disqualifies 65 Fubara Loyalists From Rivers Assembly Primaries, Clears 33 Wike Allies
https://t.co/X1tgL8mgTI

Eko Bridge Closed For Emergency Repairs From Tuesday, Lagos Government Announces
https://t.co/9h4R7TvQJ9

📲 Follow Atlantic Digest for more updates:
🐦 Twitter (X): https://t.co/8sPTwXcD4s
📸 Instagram: https://t.co/unHf0ithlN
📘 Facebook: https://t.co/3T14lx1Di4",Atlanticdigest.com,"Atlanta , Georgia",Tue May 12 07:18:29 +0000 2026,1,0,X_Apify
X_General,@thecableng Lol. Adams Oshiomhole was among the loudest voices calling for the suspension of Natasha Akpoti-Uduaghan when she dared to challenge the Senate seating arrangement. So why is he now defying the “almighty” Godswill Akpabio?,Pappi 🦅,"New York, USA",Fri May 08 06:50:15 +0000 2026,8,0,X_Apify
X_General,@DAMIADENUGA Akpabio thinks Oshiomole is Natasha Akpoti.. better be careful.. Oshiomole is not your mate even at night..,Shadow,waiting for Elon Musk Mars,Fri May 08 08:25:37 +0000 2026,2,0,X_Apify
X_General,@dammiedammie35 The same Oshiomole who once admonished Senator Natasha Akpoti for not following Senate rules. How the tables turn.,Ṣeyi,"Abuja, Nigeria",Wed May 06 15:43:02 +0000 2026,0,0,X_Apify
X_General,I thought Senator Natasha H. Akpoti was a smart politician.,Osas ⛹,,Sun May 10 05:38:38 +0000 2026,0,0,X_Apify
X_General,"@CrownprinceCom2 @daniel_mikah Ireti worked against Natasha Akpoti. She did not stand in solidarity with her, instead turned against her.",Kendo,,Thu May 07 19:47:50 +0000 2026,2,0,X_Apify
X_General,"@TheNationNews Where was he when senator Natasha Akpoti was having it rough with same senators..... especially the Senate president.

U are talking now because it has gotten to you..... Tueh","AYENI TAIWO, MBA, TRCN","Port Harcourt, Nigeria",Thu May 07 17:16:11 +0000 2026,0,0,X_Apify
BBC,@annbonnys @loveforcaptnswn Sadly I think it’s the BBC war and peace adaptation… I wish it was Alessio and Clemence’s Andrei and Natasha that we could see,Chléa,"Beaucens, France",Sun May 10 16:34:47 +0000 2026,0,0,X_Apify
X_General,"@SadiqMaunde @Idris_Adam_ Can you reach out to Natasha Akpoti, she should decamp to NDC, today is the last day for registration.

We don't need Yaya Bello in the senate .. 

✌️",A Nigerian Citizen,Right Here,Sun May 10 05:26:31 +0000 2026,0,0,X_Apify
X_General,"@CatiaKyen Oh Natasha, my woman 
She gets werey for head shet definitely knows what she wants
Sen Natasha Akpoti is She ❤️",Josep.,"lagos , Nigeria",Wed May 06 08:41:44 +0000 2026,1,0,X_Apify
X_General,"We advised.
NATASHA H. AKPOTI be in close door discussion with #NDC stakeholders for Defections from #PDP to #NDC

That would be a massive move✅ and a Plus to our dear party https://t.co/2gQ9tvkfDJ",Nigeria Democratic Congress,Nigeria ,Sat May 09 18:01:44 +0000 2026,1,0,X_Apify
X_General,"@Peter4Nigeria @AishaYesufu Nice one, i dey you back, as you were to my sister Senator Natasha Akpoti U.

I wish you success, as I also wishes her same, no chains can ever hold you and her, not even a cage can hold you and her, and same goes to Aisha Yusufu. Amen",Barney Onotu,"Kaduna, Nigeria",Fri May 08 20:58:01 +0000 2026,0,0,X_Apify
X_General,"Natasha Akpoti-Uduaghan is in the PDP. Within just about two years in office, she delivered more visible impact to her people than many politicians do in an entire tenure.

From the provision of transformers, water projects and boreholes, to the distribution of tricycles, sewing and grinding machines, fertilizers, grains, business support initiatives, medical outreach programmes, youth skill acquisition, and even 5,000 digital learning devices for public schools, she has consistently demonstrated what people-focused representation should look like. 

This is why elections should not be reduced to blind party loyalty. The real question should always be: who has the competence, courage, compassion, capacity, and tested integrity to genuinely serve the people?

Vote competence. Vote proven capacity. Vote tested integrity.",Aikon,Nigeria,Fri May 08 15:16:13 +0000 2026,2,0,X_Apify
X_General,"@AishaYesufu Go and Join Natasha Akpoti and Trouble those old men behaving like children for us. 
Akpabio will not like this 🤣",Mylo,,Sun May 10 07:01:45 +0000 2026,2,0,X_Apify
X_General,Just imagine what the senate will look like with this Amazon in it. I'm pretty sure that Akpabio will not dare do a Natasha Akpoti on her. Their skeleton cupboards will be exposed for all to see. She will bring a more vibrant energy and sophistry to her work unlike Ireti Kinkigbe https://t.co/QluRd9952l,St. Anthony💙,United Kingdom,Thu May 07 09:21:09 +0000 2026,0,0,X_Apify
X_General,@SaharaReporters Natasha Akpoti walking back to the National Assembly as a Second term Senator https://t.co/hutxc6nOx0,Dat_Irregular_EdoGuy,In my world  ,Mon May 11 23:15:11 +0000 2026,0,0,X_Apify
X_General,"Yesterday in Okene, Kogi Central the Ebira people turned out in large numbers to show support for Yahaya Bello’s senatorial ambition against Natasha Akpoti-Uduaghan. https://t.co/a3M5J5jQbJ",The Confluence State In Focus,,Fri May 08 07:36:29 +0000 2026,4,0,X_Apify
X_General,"The best picture on the internet today ❤️

The Uduaghans.. Royalty Meets Beauty

Yes.. Kogi Central, let us do it again for Senator Natasha Akpoti-Uduaghan. https://t.co/zqslCteyfe",PDP Republic,,Mon May 11 13:01:10 +0000 2026,61,0,X_Apify
X_General,@egi_nupe Where is Smart Adeyemi? Where is Natasha Akpoti? Y'all don't ever learn. Activism and Legislation are absolutely different things; worse off in a spoil system like Nigeria's.,JonathanBuhariTinubu,,Mon May 11 06:31:51 +0000 2026,0,0,X_Apify
X_General,@Uno_009 Wetin that Natasha Akpoti go do now?  She might join NDC soon,ObiDemocrat,Neptune ,Fri May 08 15:37:12 +0000 2026,3,0,X_Apify
X_General,I hope Senate President Godswill Akpabio will give Adams Oshiomhole the same treatment he gave Senator Natasha Akpoti.,Omo Kogi (Yagba) 🌍,Yagba,Wed May 06 13:56:42 +0000 2026,13,0,X_Apify
X_General,"Senator Natasha Akpoti-Uduaghan has submitted her PDP senatorial nomination forms at the party's National Secretariat, Wadata Plaza, Abuja.

I hope she understands what she is doing, no emotional sentiment tomorrow oooo.

We don move on already ... https://t.co/BY2eT3xZoj",Princewill,Nigeria,Tue May 12 04:59:49 +0000 2026,11,0,X_Apify
X_General,@AishaYesufu Aisha Yesufu is a good candidate to represent FCT and Nigerians in the Senate. Imagine having her alongside Natasha Akpoti and many other patriotic Nigerians on the senate floor. Nigerians will be rest assured  of good representation from them.,Toochukwu Asiegbu,,Sat May 09 15:11:03 +0000 2026,0,0,X_Apify
X_General,"Like Seriously??? See who's even talking, Senator Natasha Akpoti Uduaghan has even done Better politically than you, you can't even Walk in her path in politics as we speak. 

Above all..... @_dinomelaye Sir, please what were you achievements in Kogi while you were a Senator?",GeneralIbeabuchi,"Blue Earth, MN",Wed May 06 07:30:54 +0000 2026,0,0,X_Apify
X_General,"Natasha files PDP nomination form for Kogi Central Senate race

Senator Natasha Akpoti-Uduaghan has officially submitted her PDP senatorial nomination form, confirming her intention to seek re-election for the Kogi Central seat in the 2027 elections. The move signals her preparedness for the upcoming political contest.",Metro Times Nigeria,"1155 wonderpark estate, SA ",Mon May 11 19:00:55 +0000 2026,3,0,X_Apify
X_General,"Natasha submits nomination form

Senator Natasha Akpoti-Uduaghan has submitted her PDP nomination form for the 2027 Kogi Central senatorial re-election. This move signifies her intention to run for the senatorial seat again. She is ready to participate in the upcoming elections",SupremeGate,"Lagos, Nigeria",Mon May 11 19:07:07 +0000 2026,0,0,X_Apify
X_General,"@RealQueenBee__ @RealQueenBee___ What Oshiomole is doing, is it different from what Natasha Akpoti did that led to her six months suspension?",Kendo,,Wed May 06 14:46:37 +0000 2026,21,0,X_Apify
X_General,"Aisha Yesufu is now a politician 😂

You didn’t even start from your local government, na Senate your eyes dey, just like Natasha Akpoti-Uduaghan. 

Time will tell. 

Ire o.",Gbotemi,,Wed May 06 16:14:16 +0000 2026,7,0,X_Apify
X_General,"@ceicuck420 @VictoriaReyXOXO Aww thank you baby, you always have a special place in my poke-heart 🥰",Natasha Nastyy ♠️ BBC Slut 📸 Booking now!,Doing Something Naughty 😈,Wed May 13 12:58:08 +0000 2026,1,0,X_Apify
X_General,"Senator Natasha Akpoti has emerged as the most searched Nigerian in Google’s 2025 Year in Search report.
She topped a list driven by major political events, cultural moments and national conversations.",Akinade Olalekan omofolahan,"Lagos, Nigeria",Sun May 10 19:24:32 +0000 2026,0,0,X_Apify
X_General,"Senator Natasha Akpoti-Uduaghan submits PDP senatorial nomination forms for Kogi Central, pledging renewed focus on youth, women, and community development.
https://t.co/1OxCHFVbr1",The Guardian Nigeria,Nigeria,Tue May 12 10:10:00 +0000 2026,3,0,X_Apify
X_General,"@Zarajfoxx Yes please, Mistress...

Name the time and place, I will be there waiting on my hands and knees to be feminized by you. @Zarajfoxx",Natasha Nastyy ♠️ BBC Slut 📸 Booking now!,Doing Something Naughty 😈,Mon May 11 20:50:36 +0000 2026,5,0,X_Apify
X_General,"Breaking News: Senator Bukola Saraki dumps Wike, set to join Accord Party while Samuel Anyanwu still selling fake forms at the Wadata Plaza. 

Sister Natasha Akpoti have also offered Yahaya Bello the senatorial seat on a Plata of Gold. 

2027 is getting more interesting 🤣🤣🤣. https://t.co/jTfGxzmmj5",winsome,"Los Angeles, CA",Mon May 11 19:05:39 +0000 2026,0,0,X_Apify
X_General,Feminists on Facebook are upset with Natasha Akpoti for seeking her husband's permission to run for elections 😂,Ada eze. Baby,Nigeria,Wed May 06 10:36:01 +0000 2026,1,0,X_Apify
X_General,"@n6oflife6 @AishaYesufu it’s not about throwing sandals in the Senate. It’s about having the courage to question bad loans, demand accountability, and withstand the pressure that comes with it…..
Citing what happened to natasha akpoti when she challenged entrenched interest.","PROGRΞSS✨|| M.Sc, MNIQS, RQS, MNSE.",In my 🪺🍀,Wed May 06 17:40:07 +0000 2026,0,0,X_Apify
X_General,"Kogi Central Open Space Internet Project Update 🚀

In keeping with our promise, the Natasha Akpoti Uduaghan Foundation will commence the installation of digital infrastructure in 3 Local Government Areas next week: Ajaokuta, Okene and Okehi (first phase). 

These projects will provide:

• Outdoor Omnidirectional Access Points
• 500 Metre Radius Coverage (1km Diameter)
• 512 Concurrent Device Connections
• Up to 5.95 Gbps Throughput
• FREE Internet Access — 24 Hours, 7 Days a Week (Yearly subscription). 

Across Europe, the Middle East, the Americas and other regions of the world, free public WiFi access has become an essential tool for learning, business, communication and innovation.

We are humbled to drive this forward-thinking technology initiative in Nigeria thereby opening digital opportunities for our people and bridging connectivity gaps across Kogi Central.

The future is digital… and Kogi Central must not be left behind. 🖥️ 

Protect the equipments as they’ll serve everyone 

Senator Natasha H Akpoti Uduaghan 
Digitally Kogi Central 🇳🇬",CONCERNS CITIZENS🇳🇬🇳🇬🇱🇷🇬🇧🇨🇦🇨🇦🇳🇴,Earth,Fri May 08 20:34:41 +0000 2026,0,0,X_Apify
X_General,"@CrownprinceCom2 This is 419 nah. Where's Efcc chairman - please intervene and bring the perpetrators to book immediately.
Please, if you're close to the women send them to Aisha Yesufu am sure she will help them get home or Natasha Akpoti -Uduaghan",Richard Iheanacho,,Sat May 09 16:38:38 +0000 2026,1,0,X_Apify
X_General,@MrBanksOmisore Hope Natasha Akpoti has decamped to NDC. Let her better leave the PDP oh. She must cross over to NDC to have a fighting chance to be able to defeat Yahaya Bello.,Code825,Tonga,Wed May 06 20:55:27 +0000 2026,7,0,X_Apify
X_General,"Senator Natasha H. Akpoti just gave former Gov. Yahaya Bello the senatorial seat on a plater of gold. 

She was too hasty to have decided to join Nyesom Wike's PDP. 

She was calling Wike a national leader while he was buying APC forms for his loyalist in Rivers.",Anderson Uzoma Ikechukwu,Earth,Sat May 09 20:52:25 +0000 2026,0,0,X_Apify
X_General,"@Exploreeeeeeee @instablog9ja Dey play. Have you heard Senator Natasha Akpoti before? 
Which party is she supporting? 
Which party is ruling in her State ?
Apart from rigging elections which other ways APC has to offer",Lord,,Wed May 06 04:14:07 +0000 2026,0,0,X_Apify
X_General,"@SaharaReporters What will Natasha akpoti do with her PDP form? The most confused politician is Natasha, imagine sticking your neck for PDP when you could have joined NDC and become a flag bearer",uche,,Sun May 10 13:31:18 +0000 2026,0,0,X_Apify
X_General,"Senator Natasha  asked the world to pardon her as she expressed her profound gratitude to the people of Ebira for their full support. And for given her courage to stand tall
Senator Natasha H Akpoti Uduaghan 
#Kogi Central gifted to the world. 🌍 #NDC https://t.co/o4a0hTF36a",Nigeria Democratic Congress,Nigeria ,Sat May 09 18:54:49 +0000 2026,0,0,X_Apify
X_General,@Morris_Monye That means Natasha Akpoti backed the wrong horse. I hope she defects to the NDC. ✌️,Totti,EMEA region ,Fri May 08 14:22:58 +0000 2026,43,0,X_Apify
X_General,"Senator Natasha H. Akpoti just gave former Gov. Yahaya Bello the senatorial seat on a plater of gold. 

She was too hasty to have decided to join Nyesom Wike's PDP. 

She was calling Wike a national leader while he was buying APC forms for his loyalist in Rivers but selling her a fake form to her.

ADC or NDC would have been a better option for her. 

An end of an era.",Jahmal of Port Harcourt 🦍,Bago Farm,Sat May 09 18:43:47 +0000 2026,1003,0,X_Apify
X_General,"@TheoAbuAgada Natasha Akpoti and my brother, Ifeanyi Odii of Ebonyi comes to mind. Their interest might have been quashed just for over believing in Wike.",Toochukwu of Divine Mercy.,,Mon May 11 08:22:56 +0000 2026,1,0,X_Apify
X_General,"@channelstv They all joined hands to deal with Natasha Akpoti. Today, the monster they supported has turned around to devour them",Omeokachie,,Wed May 06 19:47:58 +0000 2026,0,0,X_Apify
X_General,"So yesterday, Adams Oshiomhole flared up at the floor of the Senate in a manner that would have attracted the kind of Natasha Akpoti treatment if he was not someone with an old political profile and deep political roots.

The debate became heated because Godswill Akpabio decided to behave like Machiavelli, amending the Senate rules in a way that would ensure that he and a few of his ring gangs remain the only ones eligible for principal elective positions in the next 11th Assembly.

 Akpabio-led Senate amended the 2023 Senate Standing Rules to favour only senators with at least two consecutive terms, eight uninterrupted years in the immediate preceding Assembly, making them eligible to contest for presiding positions such as Senate President, Deputy Senate President and other principal offices.

To Oshiomhole, it was not just undemocratic. It was autocratic at the same time. That was where the rage came from.

But my real problem in all of this is the seriousness, energy and aggression that Oshiomhole and many others in the Senate suddenly display anytime a debate concerns their welfare, positions or personal political interests.

Today, despite the biting national food crisis confronting millions of Nigerians, bills in that sector account for only 7.3% of the Senate’s total legislative output.

With the frightening level of insecurity across Nigeria, security-related bills make up just 5.4% of the Senate’s agenda.

Critical initiatives like the National Ranches Commission Establishment Bill 2024 have continued to suffer delays, controversies and endless political drama instead of constructive resolution.

Even the Electoral Act Amendment Bill 2026 faced intense public backlash.

But in all these debates, you would almost think people like Oshiomhole had lost their voices completely. The passion disappears. The fire goes cold. The urgency vanishes.

Yet, bring a topic that touches their interests, positions, welfare or political future, and they will almost pull down the walls of the Senate trying to protect it.

At that moment, you will understand that for many of them, it was never really about the people. It has always been about the elite protecting the elite.

I am Ekene Aninze Esq.",E.P Aninze Esq.,,Thu May 07 08:49:44 +0000 2026,10,0,X_Apify
X_General,"See how calm the Senate President is all through the unruly behaviour. He allowed the man finish before eventually summoning the courage to call him to order in the end.

If Sen. Natasha Akpoti or Sen. Ireti Kingibe did half of what former governor Oshiomole did here, Akpabio would have given the instruction to manhandle her & meted out capital punishment/sanction to her on the spot. Without any last warning.

A sexist executive.",Simply Pompey,Earth,Wed May 06 14:52:26 +0000 2026,5,0,X_Apify
X_General,"@Uptownoflagos A tree can't make a forest, Natasha Akpoti is feeling the heat, notwithstanding it's a welcome development, other Nigerians without a connection to the centre will be encouraged to try.",Bailer,Nigeria,Thu May 07 12:27:39 +0000 2026,1,0,X_Apify
X_General,@Advsola Wike has ran Aunty Natasha Akpoti street😂😂.. He was busy selling to her a fake PDP ticket  meanwhile he told OK Chinda to decamp to APC and contest for Rivers Gov.. Ndi mmadu seff🤣🤣,Larry Yucee,"Lagos, Nigeria.",Sat May 09 19:54:29 +0000 2026,0,0,X_Apify
Al_Jazeera,"@ProfMgbeke If not for the peg by prof. Mgbeke! Natasha Kasongo Akpoti would have gone to CNN, Aljazeera, Holy Seas, heaven and earth to rubbish Nigeria name in the chase for traction over false sexual harassment claims. Now she is on the defensive.",Illuminatarian Bukola,Alpine valley ,Tue May 20 07:41:22 +0000 2025,3,0,X_Apify
BBC,"𝐄𝐯𝐢𝐝𝐞𝐧𝐜𝐞 𝐨𝐫 𝐄𝐱𝐢𝐭: 𝐒𝐞𝐧𝐚𝐭𝐨𝐫 𝐍𝐚𝐭𝐚𝐬𝐡𝐚 𝐀𝐤𝐩𝐨𝐭𝐢-𝐔𝐝𝐮𝐚𝐠𝐡𝐚𝐧 𝐌𝐮𝐬𝐭 𝐂𝐡𝐨𝐨𝐬𝐞

Senator @NatashaAkpoti’s latest Facebook post dismissing Dr. Sandra Duru’s (aka Prof. Mgbeke) May 1 live broadcast as “manipulated” and “politically motivated” offers no facts, no forensics, and certainly no credibility. What it does offer, unfortunately, is a continuation of a now familiar pattern: sensational allegations, quickly recycled into conspiracy claims once confronted with inconvenient evidence.

Dr. Duru’s two-hour livestream—complete with audio recordings and screenshots—directly contradicted the Senator’s repeated denials. These materials, if authentic, expose a troubling consistency: a public official weaponizing unproven accusations for political mileage, then falling back on deflection once the narrative begins to unravel.

To date, Senator Akpoti-Uduaghan has claimed, without presenting a single verifiable document, that:

1. Senate President Godswill Akpabio sexually harassed her;

2. Former Governor Yahaya Bello was contracted by Akpabio to assassinate her;

3. The Akpabios were involved in the 2021 death of a minor;

4. Her reassignment in the Senate seating plan was punishment for rejecting advances;

5. Her motions and bills are being blocked on the Senate floor;

6. She has been denied official travel approvals and now self-sponsors her statutory assignments;

7. And now, most recently, that all incriminating recordings are part of a grand “Akpabio script” read aloud by a woman she insists is a fraud.

Not one of these claims has been backed by a police report, a sworn affidavit, a Senate motion, or even a single authenticated document. And when confronted with contradictory evidence, the Senator’s response has been reflexive: attack the source, dismiss the proof, shift the narrative.

Let it be said plainly—Nigeria’s public institutions are not theatres for trial-by-sentiment. When elected leaders make explosive allegations, they owe the public something more than emotive storytelling. They owe facts.

At this point, four basic, non-negotiable steps remain:

1. Authenticate or refute Dr. Duru’s recordings through an independent forensic lab—publicly, not via hashtags or captions.

2. Present the evidence—police reports, court filings, Senate records, audio verifications—that support your claims.

3. If you believe you’ve been defamed, file suit. Nigeria has courts, not just cameras.

4. Failing the above, tender a public apology and resign honorably.

The integrity of Nigeria’s democratic institutions depends on the honesty and accountability of those who serve within them. In the interest of promoting accountability and restoring confidence in our national discourse, it is long overdue for Senator Natasha Akpoti-Uduaghan to stop hiding behind rhetoric and start supplying proof.

Nigerians deserve better than conjecture and drama. The time for storytelling has expired. The burden is now hers: evidence or exit.
#AkpotiLied #NatashaSpeaks #AkpabioExposed #StandWithNatasha #AkpotiVsAkpabio #SenateScandal #GullibleAndHungry #Akpabio #NatashaAkpoti #EvidenceOrExit #WeAreAllNatasha
@UNDP_Nigeria @guardian
@BBCWorld
@AlJazeera
@CBSNews
@Reuters
@AP
@UN_Women
@IPUparliament
@UNHumanRights
@amnesty
@hrw
@UN_News_Centre
@abati1990 @ruffydfire @ayomairoese @ojyokpe @ARISEtv @obyezeks @AishaYesufu @DavidHundeyin @Tunde_OD @SavvyRinu @DrJoeAbah @ayosogunro @Omojuwa @CharlyBoy @OluKukoyi @ToluOgunlesi @channelstv @BBCAfrica @AP @guardianng @PremiumTimesng @SaharaReporters @instablog9ja @LindaIkejiBlog @DrOlufunmilayo @aproko_doctor @BankyW @falzthebahdguy @OneJoblessBoy @tosinolaseinde @AdesopeLive",Ike,"Houston, TX",Sat May 03 12:41:01 +0000 2025,0,0,X_Apify
X_General,"@LadanSalihu1 Nigeria's Senate has suspended a female senator, Natasha Akpoti-Uduaghan, after she accused its presiding officer of sexual harassment https://t.co/VFAp6Nk2w1 National Disgrace.",Iliya Ismail,"Bauchi, Nigeria",Sat Mar 08 09:19:39 +0000 2025,1,0,X_Apify
BBC,"The shameful behavior of @NGRSenate and its President @Senator_Akpabio over the unlawful suspension of Senator Natasha Akpoti-Uduaghan is global! BBC, DW (Germany), AP, CBS News, ABC News, Aljazeera and many more! Keep tagging the global media houses https://t.co/u9KMVFwKJq",Omawumi O,Heaven on Earth,Fri Mar 07 23:26:34 +0000 2025,1,0,X_Apify
Al_Jazeera,"@Edocentral @bonnypumping @ARISEtv @NatashaAkpoti Nigeria's Senate has suspended a female senator, Natasha Akpoti-Uduaghan, after she accused the Senate president of sexual harassment 

~Aljazeera",Jasper Aniet Louis,space,Fri Mar 07 21:14:55 +0000 2025,0,0,X_Apify
Al_Jazeera,"Nigeria's Senate has suspended a female senator, Natasha Akpoti-Uduaghan, after she accused the Senate president of sexual harassment 

~Aljazeera https://t.co/FoRabqwPqe",Engr.Abudawud🛰🌍MNSE🇵🇸🗨,,Fri Mar 07 12:58:46 +0000 2025,0,0,X_Apify
Al_Jazeera,"Nigeria's Senate has suspended a female senator, Natasha Akpoti-Uduaghan, after she accused the Senate president of sexual harassment 

~Aljazeera https://t.co/toyLk9UzK5",Mindset🗝️, 🌐 ,Fri Mar 07 12:19:34 +0000 2025,822,0,X_Apify
X_General,"Nigeria's Senate has suspended a female senator, Natasha Akpoti-Uduaghan, after she accused its presiding officer of sexual harassment https://t.co/GZiyUX03PS https://t.co/t9OEjme2d0",Al Jazeera English,"Doha, Qatar",Fri Mar 07 11:50:00 +0000 2025,15278,0,X_Apify
BBC,"Senate President Godswill Akpabio has filed a ₦200 billion defamation suit against Senator Natasha Akpoti-Uduaghan, demanding damages over allegations made against him.

Source: BBC Hausa https://t.co/RDOl5xmzfu",Sadam,Around the word ,Sun Dec 07 15:52:13 +0000 2025,8,0,X_Apify
BBC,"THE 3 POINTS AGENDA:
Explosive Allegations Rock Nigeria's Senate: Sister-in-Law Demands Godswill Akpabio's Resignation Amid Claims of Betrayal and Abuse.

LAGOS, Nigeria, October 18, 2025.
In a dramatic escalation of familial and political tensions, Mrs. Pat Akpabio, the wife of Senate President Godswill Akpabio's brother Ibanga, has publicly accused the nation's third-highest-ranking official of abuse of power, betrayal of family members, and a pattern of victimizing women. In a nearly five-minute video recorded from inside a car and shared widely on social media platforms like X (formerly Twitter), Mrs. Akpabio vows to expose more damaging scandals unless the Senate President steps down immediately.

The video, which surfaced on October 16 and has garnered over 240,000 views on a single X post alone, captures Mrs. Akpabio in a passionate rant. ""I've never seen a man who is so intoxicated with power. You victimize women! Why are you scared of powerful women?"" she declares, her voice laced with frustration. 

She further alleges that Akpabio attempted to imprison his own brother, her husband, in an Abuja prison, and accuses him of being a ""sadist,"" ""narcissist,"" and ""blackmailer"" who betrays those closest to him. ""You were a cab driver... You are nobody,"" she says, referencing his pre-political life and claiming he has forgotten those who helped him rise to prominence. Mrs. Akpabio also links him to unresolved killings during his tenure as governor of Akwa Ibom State and as a senator, stating, ""For all the people you people have killed when you were the governor... and those you people have killed now that you are in the Senate, it will never be well with you.""

She concludes with an ultimatum: ""The only way you will get me not to expose you is to vacate the Senate. If not, this is just the beginning."" The post sharing the video has sparked 398 replies and counting, amplifying calls for accountability within President Bola Tinubu's All Progressives Congress (APC) administration.

2.  A Pattern of Controversy: Echoes of Past Allegations
These accusations do not emerge in isolation. They echo a series of 2025 claims against Akpabio, particularly those involving the alleged targeting of influential women. In March, Senator Natasha Akpoti-Uduaghan, representing Kogi Central, accused Akpabio of sexual harassment, abuse of office, and obstruction of her legislative duties. The Nigerian Senate responded by suspending her for six months, a move criticized by international observers as a ""classic abuse of power."" Akpoti-Uduaghan, in a televised interview, vowed to present evidence of the assault, but the Senate's ethics committee dismissed her petition. The incident drew global attention, with the BBC reporting on the suspension and highlighting concerns over gender dynamics in Nigerian politics.

Similarly, allegations from a Rivers State woman have resurfaced in public discourse. Former Niger Delta Development Commission (NDDC) Managing Director Joy Nunieh accused Akpabio of harassment in 2020, claims that gained renewed traction in 2025 amid broader scrutiny of his conduct. Former Vice President Atiku Abubakar weighed in, labeling Akpabio a ""corrupt leader with a history of abusing women"" during his governorship. These incidents suggest a recurring pattern, fueling online criticism of Akpabio's character and raising questions about his fitness for office.

3.  Akpabio's Dismissal and the Broader Political Fallout
In response, Senate President Akpabio, through his media aide, dismissed the video as an ""attention-seeking outburst"" from a ""disgruntled relative"" incapable of tarnishing his reputation. On October 17, he stated that the allegations were baseless and urged the public to focus on his legislative achievements rather than family disputes. Akpabio's camp has portrayed the rant as motivated by personal grievances, possibly linked to unmet expectations or internal family conflicts.

""The River state woman said it about him. Natasha said it about him. His brother's wife is saying it!""

Yes, we still have people who express skepticism, suggesting Mrs. Akpabio's motives stem from exclusion from political benefits.

As Nigeria grapples with economic challenges and political instability, this family feud underscores deeper concerns about power, gender, and ethics in governance. 

While the allegations remain unproven, they have undeniably amplified scrutiny on one of the country's most powerful figures. 

Mrs. Akpabio has hinted at more revelations, leaving the nation watching to see if this is indeed ""just the beginning.""",Masu Zafi 🔥🔥,"Washington, DC",Sat Oct 18 07:57:52 +0000 2025,3,0,X_Apify
BBC,"Trial of Senator Natasha Akpoti-Uduaghan on Cybercrime Charges Stalled

Photo Credit: X (Formerly Twitter)

The planned commencement of the trial on cybercrime charges against suspended Kogi Central Senator Natasha Akpoti-Uduaghan at the Federal High Court in Abuja was stalled following an objection raised by her lead counsel, Ehiogie West-Idahosa, SAN. The objection led the presiding judge to defer the matter, ordering that the court address the objection before proceeding. The trial has now been rescheduled to begin on October 20, 2025.

The charges against Senator Akpoti-Uduaghan relate to alleged cybercrime activities, which stem from her legal disputes with Senate President Godswill Akpabio and former Governor Yahaya Bello. The case is part of a wider confrontation in the National Assembly and involves additional accusations such as defamation.

Senator Akpoti-Uduaghan, who has continuously denied wrongdoing, appeared in court accompanied by her legal team. Her counsel successfully argued that certain procedural issues needed resolution before the trial could officially start. The Federal Government’s lawyer disagreed, insisting that the objection was insufficient to halt the trial, but the judge ruled in favor of hearing the objection.

The case is being closely followed as it highlights tensions within the Nigerian political landscape, especially amid accusations of political marginalization and legal battles involving high-profile figures. Earlier court rulings granted bail to Senator Akpoti-Uduaghan, with conditions set by the court.

As the next court date approaches, legal teams are preparing to present evidence and arguments, with significant attention on how the trial outcomes might impact the senator's political career and broader legislative dynamics in Nigeria.

Sources: BBC Pidgin, Punch Nigeria, Vanguard, Guardian Nigeria, Royal News, Matrix Nigeria",CABS WORLD TV,World,Mon Sep 22 13:28:25 +0000 2025,1,0,X_Apify
BBC,Natasha Akpoti-Uduaghan: Suspended Nigerian senator refused entry to National Assembly - BBC News https://t.co/4Hc9JK87Sb,Syeda Shabana Ashraf,"أبوظبي, الامارات العربية المتح",Tue Jul 22 16:24:32 +0000 2025,0,0,X_Apify
BBC,"@Mayor_Ideato I wasn't making references to the land disputes, was making a general statement on his character, even on the land dispute, how about hiring a proper media team and get this issues aired by CNN, BBC, FOX, RT and Aja... Etc take Natasha Akpoti template naa",Mpaa collins,Orbit ,Sun Jun 29 15:45:30 +0000 2025,0,0,X_Apify
BBC,"⚠️ NATIONAL SECURITY ALERT ⚠️

FROM: Prof. MGBEKE (Dr. Sandra Duru)
TO: NSA • DG-SSS • IGP • PRESIDENCY • NIGERIAN CITIZENS

After courageously revealing a fragment of damning evidence, specifically where Natasha Akpoti recklessly invoked the name of the National Security Adviser (NSA) of Nigeria, exposing her plot to incite public dissent and manipulate national sentiment in her favor, I, Dr. Sandra C. Duru, one of the principal complainants and key witnesses, have now become the target of an aggressive and cowardly campaign of harassment and intimidation. 

I will soon share, in Natasha Akpoti’s own words, the real reason she fled Nigeria, right when she was due to be served with a criminal summons. Instead of facing justice, she ran to America where she began plotting malicious attacks against me and my children. But we give all glory to God and to the strength of the American legal system. Despite all her lies, manipulations, slander, misinformation, and smear campaigns spread through Adeola Fayehun’s platform and various blogs, the truth has stood firm.

Let it be known! I have a clean record. I am not what they claim. And no amount of wicked propaganda will change the facts or silence me. Justice will prevail. Lies can’t stand forever.

Rather than owning up to the chaos she has caused across the Nigerian Senate, ARISE TV, Channels, BBC, Adeola Fayehun’s platform, and multiple social media outlets, or better still presenting verifiable evidence in court where this matter is already being filed by the Attorney General of the Federation (AGF) following a thorough investigation, Natasha Akpoti continues to evade justice and manipulate the public.

Let the record show: when court officials attempted to serve her, she fled Nigeria, only to reappear in the United States, then later resurfaced in the UK, all while orchestrating threats and attacks on me from abroad. I have receipts, timelines, and full documentation on her international movements and sinister plans those will be unveiled in due course. I will do everything to protect my family, my children, and my beautiful name!

Following my partial disclosure of how she tried to weaponize the name of the NSA to destabilize trust in the Nigerian government, sponsored social media operatives began circulating laughable “damage control” narratives, including claims of “AI” and “voice cloning.” Even Adeola Fayehun, whom one would expect to act with better judgment, has chosen to cry over spilled milk, invoking “voice cloning” in a matter far beyond such childish excuses.

Let’s be clear: THIS IS NOT AI. THIS IS NOT A CLONE. THIS IS HER VOICE.

I now issue this direct challenge to the integrity, competence, and accountability of Nigeria’s top 3 security offices:

 1. To the NSA, DG-SSS, and the Inspector General of Police (IGP) — You are hereby urged to immediately guarantee the safety and protection of every journalist and whistleblower who is being threatened by Natasha Akpoti and her associate, Emmanuel.
 2. Nigerians deserve clarity and assurance: Is the Presidency truly safe? How was such classified intelligence carelessly mentioned in a conversation now widely available or did she lie? Is Natasha Akpoti above the Nigerian state?

I have walked this path before with Dr. John Ndanusa Akanya and A.Z. Gadzama, and I’m ready to clean this up again with brilliance and integrity, pro bono, because I love this country but had no choice but to excuse myself for the best.

To the NSA:
You must now address the nation. You owe Nigerians an answer. Is that Natasha Akpoti’s real voice, or not? You’ve heard it. We’ve heard it. The world is watching. It is time to stop shielding criminal recklessness and start defending the integrity of our democracy.

This is bigger than politics. This is treasonous. This is a national disgrace.

We cannot continue to allow individuals to turn citizens against their government using …

Find the full article on my Facebook page: Prof. Mgbeke",Prof. Mgbeke,,Wed Jun 04 12:27:29 +0000 2025,67,0,X_Apify
BBC,"And to Natasha Akpoti, no matter the channel you run to, be it Arise, BBC, or “Tikkor Street, you will answer for every lie, every blackmail, every single manipulation, every destroyed reputation, and every life disrupted by your destructive campaign. I will never let go of your lies and smear campaign against me, my children, and businesses! I swear on my late father’s grave that I will fight you and i will break the jinx of your cartel and cabals one more time just ss i did dome years ago in my time at S. O. N. I am in town to take good care of this mess outside of the garage and the doors of your hired and senseless paid useful idiots ranting on the internet! 

The gates of justice are open. And the lioness is roaring.

My dear lovers of the truth, i will be dropping a few songs on LIE-TASHA as majority of you have requested to entertain you on this ongoing matter, while i focus on getting a well deserved justice for all of us with my brilliant team of experts who i came back with this morning with more forensically examined and verified evidences against Natasha Akpoti and her cohorts! 

Let’s be reminded that I WILL NEVER BACK DOWN, BACK OUT! OR BE DISTRACTED BY THEIR SENSELESS MEDIA ATTACKS! They’ve only been able to wake up the warriors in me! 

Stay tuned and i promise to bring Natasha to face the consequences of her actions and crimes! 

Prof. Mgbeke",Ayekooto,Abuja,Sat May 10 14:37:48 +0000 2025,82,0,X_Apify
BBC,"RUNNING FROM PDP TO APC WILL NOT HAPPEN OR CHANGE ANYTHING ABOUT YOUR CRIME AGAINST HUMANITY AND YOUR COUNTRY, NATASHA! THE MASK IS OFF: NATASHA AKPOTI EXPOSED — A WARNING TO TRAITORS IN DISGUISE

“She’s a persona non grata to me, a seductress and a pathological liar, desperately hunting for a soft landing. Walaih, she’s a none perona granta to me! Classic manipulator. But not this time, Natasha.” - Dr. Sandra C Duru

The time for silence is over. The time for hiding under the veil of gender activism, seductive manipulation, and orchestrated victimhood has expired. Nigeria sees you now, Natasha Akpoti, and so does the international community.

Behind every crocodile tear you shed, there is a sinister script. A script funded, sponsored, and choreographed by opposition forces hellbent on destabilizing the current administration of President Bola Ahmed Tinubu and Senate President Godswill Akpabio. But hear this: Nigeria will not fall for the same tired script again.

This isn’t about political decamping. If Natasha Akpoti and her entire marine spiritual squad wish to jump ship from PDP to APC, let them. The truth does not need party lines, it needs justice, and that is exactly what awaits her. The legal cases raised by Prof. Mgbeke (Dr. Sandra C. Duru) are not just files in a cabinet, they are raging fires of accountability backed by truth, evidence, and international and local legal systems.

Natasha, your path reeks of betrayal, and a trail blazed by Jezebel, Delilah, Athalia, and Potiphar’s wife, seduction to gain power, then weaponization of womanhood to destroy men, governments, and systems. You seduce, hate, manipulate, then strike with falsehood, hoping to bring down leaders who refuse to bow to your charm or agenda. But this isn’t Arise TV or BBC where you can stage your drama. This is the battleground of truth and i am directly involved!

Let the world remember that during the Jonathan administration, you played a similar game. You tried to entangle Reno Omokri. You aligned with useful pawns, manipulated narratives, and plotted with Oby Ezekwesili. But Mama Peace cried out: “There is God oooo!” And yes, there truly is. Your Chibok girls movie with your aunty Oby Ezekwesili!

Today, you’re trying to label the Senate President with baseless sexual harassment claims and now even falsely insinuate organ harvesting ties to the tragic case of Iniobong Umoren. Your goal? To paint Nigerian men, especially Yoruba leaders as predators, to stain this administration before the international community. But you have failed.

And now, because your lies are exposed, you’re sponsoring threats against the one woman you couldn’t manipulate, Prof. Mgbeke (Dr. Sandra C. Duru). You are using smear campaigns, fake activists, and proxy saboteurs from Imo and beyond. But you forget: this isn’t just a woman. This is a global powerhouse, a renowed media scientist, a criminologist, a public relations genius, and a lioness cloaked in divine assignment. But you are free to underestimate her as a jollof rice chef and local village woman, its her signature!

Dr. Sandra C. Duru does not deal in satire. She is surgical, legal, and prophetic. She is Deborah of our generation, and she is not afraid of your marine spirits, your fake feminists, your petty politics, or your blood-stained sponsors.

This is a message to every traitor, every enabler, and every coward hiding behind the false banner of justice while plotting the downfall of a nation: YOUR TAGGED “YORUBA GOVERNMENT” 🇳🇬 will rise above your schemes…..(1/2)",Ayekooto,Abuja,Sat May 10 14:36:55 +0000 2025,289,0,X_Apify
BBC,"Natasha home coming rally: Ebira people for Kogi central shun police to welcome senator Natasha Akpoti-Uduaghan

Source: BBC
 https://t.co/1rT15Ewxjt",Damian Opata,"Nsukka, Nigeria",Tue Apr 01 17:58:17 +0000 2025,0,0,X_Apify
BBC,"@BENNY7GG If any man try this with our Madam Senator Natasha Akpoti , she go just go CNN , NTA and BBC go talk say nah Harassment …

😆😆😆😆😆😆😆😆😆",Keny David,"Lagos, Nigeria",Mon Mar 31 03:51:31 +0000 2025,46,0,X_Apify
BBC,This Africa Day AESHI &amp; @FixPolitics are deeply disturbed by the vilifying of Senator Natasha Akpoti because of the sexual harassment allegations against the Senate President. She has a right 2 due process.See the video below by BBC Africa. @wipnigeria @obyezeks @EmergeWomenNg https://t.co/rsvKIqFc4R,AESHI,"Nairobi, Kenya",Fri Mar 28 13:26:32 +0000 2025,1,0,X_Apify
BBC,"Namibia’s President Netumbo Nandi-Ndaitwah speaks to BBC on Senator Natasha Akpoti-Uduaghan's sexual harassment allegations against Senator Godswill Akpabio: 

“You are hearing women being asked sex..... https://t.co/zJQepxd0Rc",Uduaghan Matthew,"Federal Capital Territory, Nig",Sun Mar 23 17:59:18 +0000 2025,0,0,X_Apify
BBC,"Natasha: Balance your stories, Omokri urges BBC, others 

A former presidential aide, Mr Reno Omokri, has appealed to foreign media, including the British Broadcasting Corporation, Sky News, and Deutsche Welle, to balance their stories on the senator representing Kogi Central Senatorial District, Senator Natasha Akpoti-Uduaghan, and her allegation of sexual harassment against the President of the Senate, Senator Godswill Akpabio.

https://t.co/uM3iRlo1Py",Nigerian Tribune,Nigeria,Sun Mar 23 07:35:01 +0000 2025,3,0,X_Apify
BBC,"Former presidential aide Reno Omokri has urged major international news outlets—BBC Africa, Sky News, and Deutsche Welle—urging them to provide balanced coverage of Senator Natasha Akpoti-Uduaghan’s recent sexual harassment allegations against Senate President Godswill Akpabio. https://t.co/EsWhZU3aQX",DAILY GIST,,Sun Mar 23 04:18:47 +0000 2025,1,0,X_Apify
BBC,"THE ALLEGATIONS.

Natasha Akpoti-Uduaghan, one of only four female senators in a 109-member Senate, didn’t mince words. She’s accused Godswill Akpabio, the Senate President and one of Nigeria’s most powerful men, of making persistent sexual advances toward her. She’s talked about crude remarks about her body that no one should have to endure, let alone a colleague in a professional setting. She’s alleged that when she rejected him, the retaliation was swift and brutal: a six-month suspension without pay, pushed through by a Senate that seemed more interested in protecting its own than investigating the truth. Natasha took her story public, first on Arise TV, then to the BBC and even the Inter-Parliamentary Union. Her voice has pierced through the noise, and the world is listening.

This isn’t just gossip fodder for Lagos tabloids. These are serious claims that strike at the heart of power dynamics in Nigeria. If true, they paint a picture of a Senate President who sees his position as a license to prey, and a system that punishes those who dare say no. For a country already battling a reputation for corruption and governance failures, this is a gut punch we didn’t need.",Exola Blog,"Austin, TX 78731",Sat Mar 22 19:34:20 +0000 2025,0,0,X_Apify
BBC,“The Nigerian Senate is run like a cult” - Senator Natasha Akpoti to BBC Africa. https://t.co/6pM50q2WJ3,gst,Nigeria,Sat Mar 22 18:23:03 +0000 2025,1,0,X_Apify
BBC,"Senator Natasha Akpoti is using her 6 months suspension to do global media tour.

She’s been to IPU, BBC (twice), Sky News, &amp; now Deutsche Welle News in Germany.

The Nigerian Senate, &amp; not just Senator Akpabio is getting dragged in the mud. 🤦‍♂️",Temitope Ayanbisi,"Lagos, Nigeria",Sat Mar 22 11:58:41 +0000 2025,7,0,X_Apify
BBC,"Sexual harass 😡🇳🇬: Nigerian Senate is run like a cult says Natasha Akpoti-Uduaghan - BBC

The Nigerian Struggles, an evil that will get to everyone, that's why wherever you see evil, stop them or they will spread like disease 🤮affecting all generations 

https://t.co/olsZNLek1d",Seefinish - Publyk Sqyare,,Fri Mar 21 16:12:06 +0000 2025,0,0,X_Apify
BBC,"Senator Natasha Akpoti-Uduaghan drags Godswill  Akpabio to Deutsche Welle News, Germany.

From AriseNews in Nigeria to the Inter Parliamentary Union, IPU in Geneva, Switzerland, to BBC and Sky News in London, Natasha whose last word before she was led out of the Senate Chamber was, ""This Injustice Will Not Be Sustained,"" has vowed to drag Akpabio in the mud. 
@NGRSenate @SPNigeria",tnc24news,"Lagos, Nigeria",Fri Mar 21 13:40:26 +0000 2025,0,0,X_Apify
BBC,"While reporting Senator Godswill Akpabio to BBC, Senator Natasha Akpoti said that Akpabio said that her waist would make 'good movements' and other senators laughed at her. 

 https://t.co/8JRgnEhtP8",Dr Penking™,"Pretoria, South Africa",Fri Mar 21 10:37:50 +0000 2025,3,0,X_Apify
BBC,"Natasha Akpoti is a shameless FUUL... what makes her think akpabio in any way wants anything from her or any other man for that matter!

She should go to court and prove her allegation using real evidence, i.e., witnesses to the alleged ""he said this to me, it means he is sexually harrassiing me...""

There are thousands of successful women from Nigeria in business, education government, armed forces, banks, service ondistry, religious institutions, courts etc., NONE OF THEM ARE SUPOORTING THIS CHARLATAN, who by the way lied against Reno Omokri a few years back, evidence is littered from his lawyers!

Going from one international tv station to another won't save her reputation or deflect from her uncouth behaviour, hiding it under her female gender role.

Courts do not make judgement based on ""he said or she said"", this is just an attempt by this stewpid individual to use her gender as a weapon to deflect from her gutter behaviour.

This is a person who resides in the PDP, a party that not sure when they ever respected women or gave them anything more than tokenistic positions. A party dominated by men but she never fought against them. 

Her attempt to paint the senate president and Nigeria in a bad light has failed on all counts. She must be a bitter woman in her home. I wonder whether her husband has side chics, and if he does has she ever fought him on the BBC or CNN?

SHE IS A DISGRACE TO NIGERIA!

🙏🇳🇬💥",CitizenOlu,Greater Federation of Nigeria,Fri Mar 21 08:26:33 +0000 2025,19,0,X_Apify
BBC,"Akpabio said ‘my waist’ would make ‘good movements’, Natasha Akpoti alleges 

Natasha Akpoti-Uduaghan, senator representing Kogi central in the upper legislative chamber, has alleged that Senate President Godswill Akpabio repeatedly threw suggestive and lewd comments her way.

Akpoti-Uduaghan was suspended from the senate on March 6 for “gross misconduct and unruly behaviour” over her seating arrangement altercation with the senate president.

Her suspension came a day after she submitted a sexual harassment petition against Akpabio on the floor of the senate.

In an interview with the BBC, Akpoti-Uduaghan restated that the “gross misconduct” premise for her suspension was a smokescreen to silence her.

She said Akpabio frequently made sexual advances towards her in and out of the senate chamber — and sometimes before other senators.

She alleged that Akpabio would “squeeze my hands in a very suggestive way”.

“There was a time I forgot to wear my ring because I rushed to work. And there were about five senators there. And Akpabio said ‘oh Natasha, you are not wearing your ring… is this an invitation to treat?” she said.

“There was another time he made a statement like ‘Natasha, your husband is really enjoying. It looks like you’d be able to make good movements with your waist’.

He makes such sexist statements. And then they (other senators) all laughed.”

Akpoti-Uduaghan broke down in tears when the interviewer asked what impact her victim shaming and intimidation claims have had on her.

“I just want a place where I would just work. I thought the worst was over, but I guess for a woman, it’s never really over, right?”

She, however, added that the positive for her is that some female parliamentarians from across Africa have been ringing her up to encourage her and to say they face similar sexually charged, male dominated environments in their respective parliaments.",GoldMyneTV,"Maryland, USA",Fri Mar 21 08:12:00 +0000 2025,7,0,X_Apify
BBC,Alleged Sexual Harassment: Akpabio Once Said My Waist Would Make Good Movements - Natasha Akpoti Tells BBC - https://t.co/ry7ZHPpmOy Suspended Senator Natasha Akpoti-Uduaghan has alleged yet again that the Senate President Godswill Akpabio on several occasions made... https://t.co/5mllnpgdlI,The Liberation News,"Lagos, Nigeria",Fri Mar 21 08:07:59 +0000 2025,0,0,X_Apify
BBC,"Natasha Akpoti-Uduaghan is on a REPORTING JOURNEY 

She has REPORTED Senator Godswill Akpabio to Arise News, IPU, BBC and Sky News, 

Natasha Akpoti has now gone to report Akpabio to a fresh news agency in the US called DW News. 

No evidence has been presented in all these. https://t.co/SVDHCtydey",Pst Okezie JAMES Atañi 🦨,"Ahead to Aso Rock Villa,",Fri Mar 21 06:30:48 +0000 2025,6,0,X_Apify
BBC,"After reporting Senator Godswill Akpabio to Arise News, IPU, BBC and Sky News, Natasha Akpoti has gone to report Akpabio to a fresh news agency in US called DW News. Where do you think she is going next?  https://t.co/YK2BFJ0Lmn",Dr Penking™,"Pretoria, South Africa",Fri Mar 21 06:02:02 +0000 2025,681,0,X_Apify
BBC,"Natasha Akpoti-Uduaghan says the system is trying ""silence"" her after she made sexual harassment allegations.

Source: BBC News https://t.co/jlJbaMf9Ae",'𝓴𝓮𝓶,United Kingdom,Thu Mar 20 20:13:16 +0000 2025,0,0,X_Apify
BBC,"The Nigerian Senate operates like a cult...""

- Senator Natasha Akpoti-Uduaghan reports Akpabio to BBC the third time  

 https://t.co/1akRmp8bnJ",Dr Penking™,"Pretoria, South Africa",Thu Mar 20 20:03:02 +0000 2025,3,0,X_Apify
BBC,Natasha Akpoti-Uduaghan's BBC interview reveals the grim reality for countless Nigerian female students facing lecturer harassment daily.,Biodun,Lagos,Thu Mar 20 19:45:29 +0000 2025,0,0,X_Apify
BBC,"“I thought the worst was over at the elections…”

Senator Natasha Akpoti-Uduaghan breaks down in tears while speaking to the BBC.
 https://t.co/6cDZdTDvvd",Michael Oyewole 🇳🇬,,Thu Mar 20 19:17:29 +0000 2025,0,0,X_Apify
BBC,"“I thought the worst was over at the elections…”

Senator Natasha Akpoti-Uduaghan breaks down in tears while speaking to the BBC. https://t.co/uVrE7zXa4d",@𝗼𝗻𝗲𝗷𝗼𝗯𝗹𝗲𝘀𝘀𝗯𝗼𝘆,,Thu Mar 20 18:20:20 +0000 2025,1483,0,X_Apify
BBC,"""'Nigerian Senate is Run like a #Cult' Claims Natasha Akpoti-Uduaghan - BBC Africa""
BBC News Africa @BBCAfrica
20 Mar 2025 [0:07:53]
https://t.co/HtdJ4caKi3
https://t.co/w9PUSDUGML",Cult Podcasts,,Thu Mar 20 16:25:51 +0000 2025,0,0,X_Apify
BBC,"After reporting to Arise TV, IPU, and BBC, Natasha Akpoti-Uduaghan has gone to report to Senate President Godswill
Akpabio to Sky News? Where do you think she is going next? Maybe Al Jazeera can help her get her mandate back  https://t.co/uS5WHVGPfO",I'm jab man,,Thu Mar 20 16:18:41 +0000 2025,0,0,X_Apify
BBC,"After reporting to Arise TV, IPU and BBC, Natasha Akpoti-Uduaghan has gone to report senate president Godswill
Akpabio to Sky News? Where do you think she is going next? 

 https://t.co/rpxnzRJLH9",Dr Penking™,"Pretoria, South Africa",Thu Mar 20 05:48:03 +0000 2025,673,0,X_Apify
BBC,"A Nigerian senator who alleged she was sexually harassed by the Senate President has told the BBC the Senate operates like a ""cult"".

Natasha Akpoti-Uduaghan was suspended for 6 months after submitting a petition saying she had been harassed by Senate President Godswill Akpabio https://t.co/pJA4uKvzEF",Skypenewsnaija,"Lagos, Nigeria",Wed Mar 19 18:53:03 +0000 2025,1,0,X_Apify
BBC,"Breaking News :
Natasha Akpoti-Uduaghan: 'The Nigerian Senate is like a cult'

Source: BBC
 https://t.co/hepMwxdB1g

Shared via the Google App",WestMedia,"Nottingham, England",Wed Mar 19 16:01:15 +0000 2025,0,0,X_Apify
BBC,"'NIGERIAN SENATE IS RUN LIKE A CULT', SUSPENDED MP TELLS BBC 

A Nigerian senator who alleged she was sexually harassed by one of the country's top politicians has told the BBC the Senate operates like a ""cult"".

A fortnight ago, Natasha Akpoti-Uduaghan was suspended for six months after submitting a petition saying she had been harassed by Senate President Godswill Akpabio, which he denies.

His office also rejected the cult comparison - the latest twist in a row that has gripped Nigeria, raising questions about gender equality in the socially conservative nation.

Akpoti-Uduaghan said she was being punished for speaking out against the system and that she now feared for her and her two-year-old's safety as her security detail had been stripped.

""The Nigerian Senate operates like a cult. The Senate president runs the Senate like a dictator, not a democrat. There is no freedom of speech, there is no freedom of expression and anyone who dares to go against him gets cut to size,"" the 45-year-old said in the first TV interview since her suspension.

In a statement to the BBC, the Senate's Deputy Chief Whip Onyekachi Nwebonyi said Senator Akpoti-Uduaghan was not being silenced and that ""her own legislative activities disprove this claim"".

Akpoti-Uduaghan, who represents the opposition Peoples Democratic Party (PDP), alleged that the sexual harassment started in 2023, when she visited Akpabio's country home with her husband.

She said the Akpabio ""squeezed her hand suggestively"" and said ""I will make an opportunity for us to come here and have a good moment"".

Nwebonyi, who says he was also present during the visit, stated: ""At no time during the period in question did the Senate president make any unwanted sexual advances to Senator Akpoti at his country house.""

But Akpoti-Uduaghan alleged that this was just one incident of many and that the harassment continued for several months.

She said that, while with other senators on the Senate's premises, Akpabio made a comment to the effect of: ""Natasha your husband is really enjoying, it looks like you'll be able to make good movements with your waist.""

""The Senate president said this,"" Akpoti-Uduaghan told the BBC.

""He makes very sexist statements then they [senators] all laugh. He says in the Senate we're all men, she should be used to this.""

On his part, Nwebonyi said these allegations were ""completely false"".

Nigeria has one of the lowest numbers of female parliamentarians in Africa.

Akpoti-Uduaghan one of four female senators in a parliament of 109 members and she is also the first female senator in her state.

Her petition against Akpabio was dismissed due to ""procedural errors"".

Then, on 6 March, the ethics committee handed Akpoti-Uduaghan a six-month suspension without pay, citing ""unruly and disruptive"" behaviour during a debate in the Senate.

Akpoti-Uduaghan told the BBC that she no longer had access to security as a result of the suspension.

""In the Nigerian space, we have had people over the past decades who have been killed for having strong views against the government,"" she said.

""If I'm taking my kid for a walk - because I have a two-year-old - will I be killed? Will I be attacked?""

Civil society groups in the country have expressed concerns over Akpoti-Uduaghan's treatment, calling for a transparent investigation into her allegations.

""All we can say is that today is a sad day for Nigerian women fighting for emancipation. Out of 109 senators, only four are women and one is now suspended,"" women's rights activist Hadiza Ado told the BBC when the suspension was imposed.

While rights groups and some social media users have expressed their support for Akpoti-Uduaghan, she also has her fair share of detractors.

After she was suspended, two groups of protesters gathered near parliament in the capital, Abuja - one backing the senate president and the other in support of his colleague, chanting ''Akpabio must go''.

Akpoti-Uduaghan had also been subjected to an onslaught of misogynist abuse on social media since making the allegations, she told the BBC.

The scandal is the latest episode in a political career that has been rocky from the outset.

Akpoti-Uduaghan first ran for governor of Kogi state in 2019 and alleged that her candidacy was challenged over her mixed-race heritage.

She eventually appeared on the ballot, but was subjected to physical and verbal attacks during her campaign.

In 2023, she ran for Senate and lost the election. The poll was marred by violence and after Akpoti-Uduaghan took the matter to court, the election result was overturned.

""I thought the worst was over with the elections,"" she told the BBC.

""But for a woman I guess it's never really over right? It's just different parts, different chapters.""

Akpoti-Uduaghan has taken legal action in an attempt to have her suspension overturned and plans to petition the Senate again with her sexual harassment allegations.

Despite the heavy emotional toll, she said she did not regret speaking out.

She said she feels encouraged by her husband, child and the masses of supporters outside her family, which include female politicians from other African countries.

""I have gotten calls on a daily basis from women connecting with me and telling me they are experiencing the same thing in their parliament, but that they can't speak up,"" she said.

""They say, Natasha, do this for us. This is my story and my story is that of many women in Nigeria that do not have the courage to speak up."" [BBC News]",Diamond Media,"Lusaka, Zambia.",Wed Mar 19 07:09:52 +0000 2025,5,0,X_Apify
BBC,"Senator Natasha Akpoti-Uduaghan has described the Senate as operating like a cult, claiming lawmakers fear speaking out.

In a BBC interview, she reiterated her sexual harassment allegations against Senate President Godswill Akpabio, days after taking the matter to the UN. She accused the Senate of silencing her by suspending her for six months.

Akpoti-Uduaghan detailed incidents where Akpabio allegedly made inappropriate remarks and gestures. However, Senate Deputy Chief Whip Onyekachi Nwaebonyi dismissed her claims, insisting Akpabio never acted inappropriately.

#natasha #lawmakers #akpabio",Trust TV News,ABUJA,Tue Mar 18 18:26:20 +0000 2025,3,0,X_Apify
BBC,"Suspended senator Natasha Akpoti-Uduaghan has made fresh allegations against Senate President Godswill Akpabio, claiming he sexually harassed her before their recent clash in the Senate.
.
In an interview with the BBC released on Tuesday, March 18, the Kogi Central lawmaker described her six-month suspension as a deliberate attempt to suppress her voice.
.
“I am being victimised. My suspension is a means of silencing me,” she asserted.
.
Akpoti-Uduaghan was suspended on March 6 for ""gross misconduct"" after failing to appear before the Senate Ethics and Privileges Committee.
https://t.co/14Nz0DX4ta
.",Pulse Nigeria,,Tue Mar 18 17:40:25 +0000 2025,23,0,X_Apify
BBC,"Breaking News: Senator Natasha Akpoti Uduaghan have presented the sexual harassment EVIDENCE to BBC Africa.

Take a listen https://t.co/DspRS2Z3HH",Pst Okezie JAMES Atañi 🦨,"Ahead to Aso Rock Villa,",Tue Mar 18 15:27:03 +0000 2025,63,0,X_Apify
BBC,"Senator Natasha Akpoti tells it all in new interview with BBC. Reveals details ...
https://t.co/PFGjs0pEPB",NigeriaGateway,USA,Tue Mar 18 14:28:34 +0000 2025,1,0,X_Apify
X_General,"Na up to nine cases bin dey in front of di Appeal court ontop PDP mata as dia crisis kontinu. 

Pipo like Bukola Saraki, Natasha Akpoti and odas still believe say hope still dey for di party wey don lose many of dia govnors.

Full tori: https://t.co/nM5dxRa1cd",BBC News Pidgin,"Lagos, Nigeria",Wed Mar 11 09:50:21 +0000 2026,0,0,X_Apify
X_General,"Di large crowd of supporters follow Senator Natasha Akpoti march from di FCT High Court to di National Assembly until she enta di premises before police release teargas to scata di crowd.
https://t.co/Kvwkg2LVgU",BBC News Pidgin,"Lagos, Nigeria",Tue Sep 23 13:07:59 +0000 2025,1,0,X_Apify
BBC,"The Senator representing Kogi Central, Natasha Akpoti-Uduaghan, has described her suspension from the Nigerian Senate as a deliberate attempt to silence her.

Akpoti-Uduaghan disclosed that she is being victimised.

She stated this in an interview with the BBC on Tuesday.

“I am being victimised. My suspension is a way to silence me,” she said.",Naija News Page,Nigeria,Tue Mar 18 13:14:54 +0000 2025,0,0,X_Apify
BBC,"“I am being vi¢timised. My suspension is a means of silencing me.”

~  Senator Natasha H Akpoti  reveals on BBC

🎥: BBC https://t.co/ZCI9EvejGt",#AbujaTwítterCommunity,Abuja,Tue Mar 18 12:47:02 +0000 2025,0,0,X_Apify
BBC,Natasha Akpoti To BBC: My Suspension Meant To Silence Me https://t.co/DovX73vDpK,HB Report,🇳🇬 🌄 🇬🇧🇺🇸🌍,Tue Mar 18 12:18:12 +0000 2025,0,0,X_Apify
BBC,"Senator Natasha Akpoti-Uduaghan has told BBC That She Experienced Sexual Moves From The Senate President, Godswill Akpabio 
https://t.co/vsYd8nYT0L",Goldmyne Africa,"Lagos, Nigeria",Tue Mar 18 12:13:28 +0000 2025,2,0,X_Apify
BBC,"Senator Natasha Akpoti will be on CNN or BBC soon.

It's about the blow up for Akpabio now and the Nigerian Senate",NDC VANGUARD,"Abuja, Nigeria",Tue Mar 11 07:27:26 +0000 2025,1,0,X_Apify
BBC,"This image is a collection of international news headlines and articles from various sources - Al Jazeera English, ABC News, DW News, Yahoo! News, CBS News, and BBC News - consistently reporting on a story involving the suspension of Nigerian Senator Natasha Akpoti-Uduaghan… https://t.co/z8cCsombfm",chidinma onyejiuwa,,Sat Mar 08 10:09:59 +0000 2025,1,0,X_Apify
BBC,"@_Toby_Forbes @HolyS37191 @sirvregas @ARISEtv Y'all have succeeded in making the Nigerian State a global Mockery. Did u by chance stumble on the Natasha Akpoti analysis on BBC? Shame on a new level while u are here talking about evidence for a woman that wasn't even given a fair hearing,case is not in court yet, disgusted.",Mr Ameh,"Lagos, Nigeria",Sat Mar 08 07:49:55 +0000 2025,1,0,X_Apify
BBC,"The shameful behavior of @NGRSenate and its President @Senator_Akpabio over the unlawful suspension of Senator Natasha Akpoti-Uduaghan is global! BBC, DW (Germany), AP, CBS News, ABC News, Aljazeera and many more! Keep tagging the global media houses https://t.co/u9KMVFwKJq",Omawumi O,Heaven on Earth,Fri Mar 07 23:26:34 +0000 2025,1,0,X_Apify
X_General,"Nigerian senator Natasha Akpoti-Uduaghan, who was suspended after accusing the senate president of sexual harassment, which he denies, has been refused entry to the parliamentary complex.

https://t.co/XoTmptgDxA https://t.co/ShJQht0mOv",BBC News Africa,,Tue Jul 22 17:59:06 +0000 2025,70,0,X_Apify
BBC,Natasha Akpoti-Uduaghan: Suspended Nigerian senator refused entry to National Assembly - BBC News https://t.co/4Hc9JK87Sb,Syeda Shabana Ashraf,"أبوظبي, الامارات العربية المتح",Tue Jul 22 16:24:32 +0000 2025,0,0,X_Apify
X_General,"UPDATE: Senator Natasha Akpoti-Uduaghan told me she believes the charges are an attempt to ""intimidate her"" and make her ""fall in line"" after she accused Senate president Godswill Akpabio of sexual harassment in February.

Full story: https://t.co/v8ngH5vkHk",Yemisi Adegoke,Lagos/ London,Fri May 23 17:20:29 +0000 2025,8,0,X_Apify
X_General,"The Nigerian government has pressed charges against Senator  Natasha Akpoti-Uduaghan who accused the Senate president Godswill Akpabio, and Yahaya Bello, a former state governor of plotting to kill her.
https://t.co/kd1uWFlECO https://t.co/M0KNxYv4ly",BBC News Africa,,Fri May 23 11:46:07 +0000 2025,75,0,X_Apify
BBC,"Natasha Akpoti-Uduaghan says the system is trying ""silence"" her after she made sexual harassment allegations.

Source: BBC News https://t.co/jlJbaMf9Ae",'𝓴𝓮𝓶,United Kingdom,Thu Mar 20 20:13:16 +0000 2025,0,0,X_Apify
BBC,"Nigeria has one of Africa’s lowest numbers of female parliamentarians. The suspension of Senator Natasha Akpoti-Uduaghan, one of four women in the 109-member senate sparked protests and online misogynistic abuse. The BBC's @briticoyemo has more. 

🔗 https://t.co/6dNf58X7SD https://t.co/WNX65Iazf9",BBC News Africa,,Thu Mar 20 17:02:04 +0000 2025,3231,0,X_Apify
BBC,"Breaking News :
Natasha Akpoti-Uduaghan: 'The Nigerian Senate is like a cult'

Source: BBC
 https://t.co/hepMwxdB1g

Shared via the Google App",WestMedia,"Nottingham, England",Wed Mar 19 16:01:15 +0000 2025,0,0,X_Apify
X_General,"Nigerian lawmakers have suspended a senator for six months, a day after she submitted a petition alleging she had been sexually harassed by the senate president.

Natasha Akpoti-Uduaghan last Friday made the accusations against Godswill Akpabio. https://t.co/f7FId5TJqH https://t.co/uySKa2Ue2w",Naija_fly,"Abuja, Nigeria",Fri Mar 07 22:02:32 +0000 2025,1,0,X_Apify
X_General,"Nigerian lawmakers have suspended a senator for six months, a day after she submitted a petition alleging she had been sexually harassed by the senate president.

Natasha Akpoti-Uduaghan last Friday made the accusations against Godswill Akpabio. https://t.co/pXYRCgEDA6 https://t.co/4FpnUt1ao7",RED LION AFRICA MEDIA,"Nairobi, Accra, Abuja, Cairo",Fri Mar 07 02:51:14 +0000 2025,0,0,X_Apify
X_General,"Nigerian lawmakers have suspended Senator Natasha Akpoti-Uduaghanfor six months, after she submitted a petition alleging she had been sexually harassed by the senate president, Godswill Akpabio.

 Is Nigeria a real country???

https://t.co/6ccaQ3UulK",Ronke Lawal,"London, England",Thu Mar 06 19:43:44 +0000 2025,2,0,X_Apify
BBC,"Natasha Akpoti-Uduaghan: Nigerian senator suspended after accusing Godswill Akpabio of sexual abuse

Source: BBC

Shared via the Google app https://t.co/TgUtnxqMdW",Platinum Int’l News,Lives in London,Thu Mar 06 18:59:58 +0000 2025,0,0,X_Apify
X_General,"Nigerian lawmakers have suspended a senator for six months, a day after she submitted a petition alleging she had been sexually harassed by the senate president.

Natasha Akpoti-Uduaghan last Friday made the accusations against Godswill Akpabio. https://t.co/PLZcclhdCe https://t.co/l7jgBTTBkY",BBC News Africa,,Thu Mar 06 17:46:08 +0000 2025,9140,0,X_Apify
X_General,"The petition filed by a Nigerian senator alleging sexual harassment by the senate president has been dismissed.
Godswill Akpabio, one of the country’s most senior politicians, on Wednesday denied the allegations made against him by Natasha Akpoti-Uduaghan. https://t.co/S4uVLLHWzc https://t.co/7Pu4HULtkq",BBC News Africa,,Thu Mar 06 16:46:01 +0000 2025,61,0,X_Apify
X_General,"""My elders were calling on me to back down""

Politics can be a vicious environment, even more so for women. Nigerian politician Natasha Akpoti tells how she was attacked when she decided to run as the gubernatorial candidate of Kogi State: https://t.co/GD9NOYL9j6",BBC News Africa,,Wed Dec 04 13:29:56 +0000 2019,41,0,X_Apify
BBC,"Breaking News :
Natasha Akpoti-Uduaghan: 'The Nigerian Senate is like a cult'

Source: BBC
 https://t.co/hepMwxdB1g

Shared via the Google App",WestMedia,"Nottingham, England",Wed Mar 19 16:01:15 +0000 2025,0,0,X_Apify
BBC,"Breaking News: Senator Natasha Akpoti Uduaghan have presented the sexual harassment EVIDENCE to BBC Africa.

Take a listen https://t.co/DspRS2Z3HH",Pst Okezie JAMES Atañi 🦨,"Ahead to Aso Rock Villa,",Tue Mar 18 15:27:03 +0000 2025,63,0,X_Apify
BBC,"Breaking News :
Natasha Akpoti-Uduaghan: Nigerian senator suspended after accusing Godswill Akpabio of sexual abuse

Source: BBC
 https://t.co/8kOmbZf75M",WestMedia,"Nottingham, England",Thu Mar 06 22:40:08 +0000 2025,0,0,X_Apify
X_General,"Breaking News:

Senator Bukola Saraki dumps Wike set to join Accord Party while Samuel Anyanwu still selling fake forms at the Wadata Plaza. 

Sister Natasha Akpoti have also offered Yahaya Bello the senatorial seat on a Plata of Gold. 

2027 is getting more interesting 🤣🤣🤣. https://t.co/5tZvWpSKSR",𝕋𝕖𝕤𝕝𝕖𝕖𝕞🇳🇬🇺🇲,,Tue May 12 13:39:30 +0000 2026,1,0,X_Apify
X_General,"Breaking News: Senator Bukola Saraki dumps Wike, set to join Accord Party while Samuel Anyanwu still selling fake forms at the Wadata Plaza. 

Sister Natasha Akpoti have also offered Yahaya Bello the senatorial seat on a Plata of Gold. 

2027 is getting more interesting 🤣🤣🤣. https://t.co/qaD6a22WW8",Mayor Of Calabar,,Mon May 11 18:23:40 +0000 2026,10,0,X_Apify
X_General,"Breaking News: Senator Bukola Saraki dumps Wike, set to join Accord Party while Samuel Anyanwu still selling fake forms at the Wadata Plaza. 

Sister Natasha Akpoti have also offered Yahaya Bello the senatorial seat on a Plata of Gold. 

2027 is getting more interesting 🤣🤣🤣. https://t.co/jTfGxzmmj5",winsome,"Los Angeles, CA",Mon May 11 19:05:39 +0000 2026,0,0,X_Apify
